Name,Price,Website,datetime,Qty
Natures Choice Product Feature:Brand: Natures Choicetype: Cuminseasoning Form: Whole Beanssize: 200gm,6.20,Amazon,2024-05-22,200gm
Bayara Cumin Whole 200g,6.40,Amazon,2024-05-22,200g
LuLu Cumin Seed 200g,7.90,Amazon,2024-05-22,200g
Nellara Cumin Seed 100 g,4.42,Amazon,2024-05-22,100g
LuLu Cumin Powder 200g,5.00,Amazon,2024-05-22,200g
Natures Choice Cumin Powder - 100 gm,4.99,Amazon,2024-05-22,100gm
"Bayara Cumin Powder, 155g",10.90,Amazon,2024-05-22,155g
"Natures Choice Cumin Powder (Jeera), 200 gm",6.50,Amazon,2024-05-22,200gm
Reema Cumin Seed (100g),5.71,Amazon,2024-05-22,100g
Bayara Cumin Powder 200g,7.00,Amazon,2024-05-22,200g
Natures Choice Cumin Whole - 100 Gm,4.47,Amazon,2024-05-22,100Gm
"INDIA MILLS Whole Cumin Seeds, 200 gm",7.18,Amazon,2024-05-22,200gm
Mina Black Cumin Seed 200Gm,4.95,Amazon,2024-05-22,200Gm
"Simply Organic, Cumin, 2.31 oz",62.88,Amazon,2024-05-22,31oz
"Reema Black Cumin Seed, 200g",8.95,Amazon,2024-05-22,200g
Reema Cumin Powder (100g),5.41,Amazon,2024-05-22,100g
Reema Cumin Powder (200g),6.96,Amazon,2024-05-22,200g
Shan Cumin Powder 155g,8.50,Amazon,2024-05-22,155g
Shan Cumin Powder 200g,7.40,Amazon,2024-05-22,200g
Organic Tattva Cumin Powder 200 g,10.50,Amazon,2024-05-22,200g
"Mehran Cumin Seed Powder 100 G, Brown",14.18,Amazon,2024-05-22,100G
Al Ameer Cumin Powder 300 g,13.82,Amazon,2024-05-22,300g
Santa Maria Organic Cumin 34G,18.20,Amazon,2024-05-22,34G
Natures Choice CUMIN POWDER 100G,3.78,Amazon,2024-05-22,100G
Cumin Seeds- 250g,11.25,Amazon,2024-05-22,250g
Alwan Black Cumin 100g,3.25,Amazon,2024-05-22,100g
Eastern Cumin Seed 200g,13.00,Amazon,2024-05-22,200g
Natco Cumin Ground Bottle 70Grams,6.37,Amazon,2024-05-22,70Grams
"Rootz Organic Cumin Seeds - 100% Organic Jeera, Kammun - No Artificial Color or Preservatives Added - 250",17.20,Amazon,2024-05-22,
Hemani Hebal Tea Cumin - 20 Tea bags,10.05,Amazon,2024-05-22,20Tea
Cumin & Lemon 20 Bags Alattar,18.49,Amazon,2024-05-22,20Bags
AL ATTAR CUMIN & LEMON TEA BAGS 20S ___العطار كمون و ليمون 20 ظرف,18.89,Amazon,2024-05-22,20S
"INDIA MILLS Cumin Powder, 100 gm",6.52,Amazon,2024-05-22,100gm
Cumin Seed (Best) 1kg,42.00,Amazon,2024-05-22,1kg
"INDIA MILLS Jar Cumin Powder, 200 gm",9.60,Amazon,2024-05-22,200gm
"India Mills Cumin Whole, 100 Gm",5.36,Amazon,2024-05-22,100Gm
Cumin Powder - 250g,11.75,Amazon,2024-05-22,250g
LuLu Cumin Powder 475g,17.95,Amazon,2024-05-22,475g
Vasant Cumin Seeds 100g (Pack of 2),26.99,Amazon,2024-05-22,100g
"Simply Organic Cumin Seed - Ground, 2.31-oz Container",67.90,Amazon,2024-05-22,
"Nutty Nuts Cumin Seeds Whole, 250 gm",13.60,Amazon,2024-05-22,250gm
Cumin Powder 330ml,13.00,Amazon,2024-05-22,330ml
"Al Baker, Chakki Fresh Atta Flour, 5kg",21.95,Amazon,2024-05-22,5kg
"Bliss of Earth 200gm Organic Cumin Seed Jeera Whole Spice, Sabut Jeera",37.80,Amazon,2024-05-22,200gm
Al Douri CUMIN AND LEMON DRINK 2GM,16.92,Amazon,2024-05-22,2GM
V Organics Cumin Seeds 150g | 100% Organic | Non-GMO,16.50,Amazon,2024-05-22,150g
Madhoor SHAJEERA 100GM,9.56,Amazon,2024-05-22,100GM
Bayara Cumin Powder 500G,27.51,Amazon,2024-05-22,500G
